{"accessibilityPrompt":true,"alwaysOnTop":false,"arch":"arm64","asar":false,"blockExternalUrls":false,"bounce":false,"buildDate":1765601718012,"clearCache":false,"counter":false,"darwinDarkModeSupport":false,"disableContextMenu":false,"disableDevTools":false,"disableGpu":false,"disableOldBuildWarning":false,"electronVersionUsed":"25.7.0","enableEs3Apis":false,"fastQuit":false,"fullScreen":false,"height":800,"hideWindowFrame":false,"ignoreCertificate":false,"ignoreGpuBlacklist":false,"insecure":false,"isUpgrade":false,"maximize":false,"name":"FahaMpesa","nativefierVersion":"52.0.0","portable":false,"quiet":false,"showMenuBar":false,"singleInstance":false,"strictInternalUrls":false,"targetUrl":"https://www.fahampesa.com/login","tray":"false","userAgentHonest":false,"width":1280,"widevine":false,"win32metadata":{"ProductName":"FahaMpesa","InternalName":"FahaMpesa","FileDescription":"FahaMpesa"},"zoom":1,"oldBuildWarningText":""}